{"posicionX":-13.578313827514649,"posicionY":89.47174072265625,"scene":1,"mainMissions":[],"secondaryMissions":[],"dinero":{"instanceID":0}}