{"posicionX":-106.31046295166016,"posicionY":250.0615234375,"scene":4,"mainMissions":[1.0],"secondaryMissions":[],"dinero":0}